Years,Unemployment Rate for 16yo and over
2006,4.608333333333333
2007,4.616666666666666
2008,5.800000000000001
2009,9.283333333333333
2010,9.608333333333333
2011,8.933333333333332
2012,8.075000000000001
2013,7.358333333333333
2014,6.158333333333334
2015,5.275
2016,4.875
2017,4.341666666666667
2018,3.891666666666667
